Image Path,Question,Predicted Answer,Correct Answer
DS-MVTec/bottle/image/broken_large/000.png,Is there any defect in the object?,A,A
DS-MVTec/bottle/image/broken_large/000.png,There is a defect in the object. What is the type of the defect?,C,C
DS-MVTec/bottle/image/broken_large/000.png,There is a defect in the object. Where is the defect?,D,D
DS-MVTec/bottle/image/broken_large/000.png,There is a defect in the object. What is the appearance of the defect?,A,A
DS-MVTec/bottle/image/broken_large/000.png,There is a defect in the object. What is the effect of the defect?,B,B
DS-MVTec/bottle/image/broken_large/001.png,Is there any defect in the object?,A,A
DS-MVTec/bottle/image/broken_large/001.png,There is a defect in the object. What is the type of the defect?,D,D
DS-MVTec/bottle/image/broken_large/001.png,There is a defect in the object. What is the appearance of the defect?,C,C
DS-MVTec/bottle/image/broken_large/002.png,Is there any defect in the object?,B,B
DS-MVTec/bottle/image/broken_large/002.png,There is a defect in the object. What is the type of the defect?,B,B
DS-MVTec/bottle/image/broken_large/002.png,There is a defect in the object. Where is the defect?,D,D
DS-MVTec/bottle/image/broken_large/002.png,There is a defect in the object. What is the appearance of the defect?,B,B
DS-MVTec/bottle/image/broken_large/003.png,Is there any defect in the object?,A,A
DS-MVTec/bottle/image/broken_large/003.png,There is a defect in the object. What is the type of the defect?,B,B
DS-MVTec/bottle/image/broken_large/003.png,There is a defect in the object. What is the appearance of the defect?,B,B
DS-MVTec/bottle/image/broken_large/003.png,There is a defect in the object. How does the defect affect the object?,A,A
DS-MVTec/bottle/image/broken_large/004.png,Is there any defect in the object?,A,A
DS-MVTec/bottle/image/broken_large/004.png,There is a defect in the object. Where is the defect?,B,B
DS-MVTec/bottle/image/broken_large/004.png,There is a defect in the object. What is the appearance of the defect?,A,A
DS-MVTec/bottle/image/broken_large/004.png,There is a defect in the object. What is the effect of the defect on the bottle's mouth?,A,A
DS-MVTec/bottle/image/broken_large/005.png,Is there any defect in the object?,B,B
DS-MVTec/bottle/image/broken_large/005.png,There is a defect in the object. What is the type of the defect?,B,B
DS-MVTec/bottle/image/broken_large/005.png,There is a defect in the object. Where is the defect?,B,B
DS-MVTec/bottle/image/broken_large/005.png,There is a defect in the object. What is the appearance of the defect?,D,B
DS-MVTec/bottle/image/broken_large/005.png,There is a defect in the object. What is the effect of the defect?,C,C
DS-MVTec/bottle/image/broken_large/006.png,Is there any defect in the object?,B,B
DS-MVTec/bottle/image/broken_large/006.png,There is a defect in the object. What is the type of the defect?,D,D
DS-MVTec/bottle/image/broken_large/006.png,There is a defect in the object. What is the appearance of the defect?,C,C
DS-MVTec/bottle/image/broken_large/006.png,There is a defect in the object. What is the effect of the defect?,D,D
DS-MVTec/bottle/image/broken_large/007.png,Is there any defect in the object?,A,A
DS-MVTec/bottle/image/broken_large/007.png,There is a defect in the object. What is the type of the defect?,C,C
DS-MVTec/bottle/image/broken_large/007.png,There is a defect in the object. Where is the defect?,B,B
DS-MVTec/bottle/image/broken_large/007.png,There is a defect in the object. What is the appearance of the defect?,A,A
DS-MVTec/bottle/image/broken_large/007.png,There is a defect in the object. How does the defect manifest on the bottle?,B,B
DS-MVTec/bottle/image/broken_large/008.png,Is there any defect in the object?,A,A
DS-MVTec/bottle/image/broken_large/008.png,There is a defect in the object. What is the type of the defect?,A,A
DS-MVTec/bottle/image/broken_large/008.png,There is a defect in the object. Where is the defect?,D,A
DS-MVTec/bottle/image/broken_large/008.png,There is a defect in the object. What is the appearance of the defect?,C,C
DS-MVTec/bottle/image/broken_large/008.png,There is a defect in the object. What distinguishes the damaged area from the rest of the bottle's edge?,A,A
DS-MVTec/bottle/image/broken_large/009.png,Is there any defect in the object?,A,A
DS-MVTec/bottle/image/broken_large/009.png,There is a defect in the object. What is the type of the defect?,D,D
DS-MVTec/bottle/image/broken_large/009.png,There is a defect in the object. What is the appearance of the defect?,B,B
DS-MVTec/bottle/image/broken_large/009.png,There is a defect in the object. How does the defect compare to the normal sample?,D,D
DS-MVTec/bottle/image/broken_large/010.png,Is there any defect in the object?,B,B
DS-MVTec/bottle/image/broken_large/010.png,There is a defect in the object. What is the type of the defect?,B,B
DS-MVTec/bottle/image/broken_large/010.png,There is a defect in the object. Where is the defect?,C,C
DS-MVTec/bottle/image/broken_large/010.png,There is a defect in the object. What is the appearance of the defect?,D,D
DS-MVTec/bottle/image/broken_large/010.png,There is a defect in the object. What can be inferred about the defect's effect on the bottle?,B,B
DS-MVTec/bottle/image/broken_large/011.png,Is there any defect in the object?,B,B
DS-MVTec/bottle/image/broken_large/011.png,There is a defect in the object. What is the type of the defect?,D,D
DS-MVTec/bottle/image/broken_large/011.png,There is a defect in the object. Where is the defect?,B,B
DS-MVTec/bottle/image/broken_large/011.png,There is a defect in the object. What is the appearance of the defect?,C,C
DS-MVTec/bottle/image/broken_large/011.png,There is a defect in the object. What is the likely cause of the defect?,B,B
DS-MVTec/bottle/image/broken_large/012.png,Is there any defect in the object?,A,A
DS-MVTec/bottle/image/broken_large/012.png,There is a defect in the object. What is the type of the defect?,B,B
DS-MVTec/bottle/image/broken_large/012.png,There is a defect in the object. Where is the defect?,D,C
DS-MVTec/bottle/image/broken_large/012.png,There is a defect in the object. What is the appearance of the defect?,C,C
DS-MVTec/bottle/image/broken_large/012.png,There is a defect in the object. How does the defect affect the object?,C,C
DS-MVTec/bottle/image/broken_large/013.png,Is there any defect in the object?,B,B
DS-MVTec/bottle/image/broken_large/013.png,There is a defect in the object. What is the type of the defect?,A,A
DS-MVTec/bottle/image/broken_large/013.png,There is a defect in the object. What is the appearance of the defect?,C,C
DS-MVTec/bottle/image/broken_large/013.png,There is a defect in the object. What impact does the defect have on the object?,C,C
DS-MVTec/bottle/image/broken_large/014.png,Is there any defect in the object?,B,B
DS-MVTec/bottle/image/broken_large/014.png,There is a defect in the object. What is the type of the defect?,D,A
DS-MVTec/bottle/image/broken_large/014.png,There is a defect in the object. Where is the defect?,D,A
DS-MVTec/bottle/image/broken_large/014.png,There is a defect in the object. What is the appearance of the defect?,B,B
DS-MVTec/bottle/image/broken_large/015.png,Is there any defect in the object?,A,A
DS-MVTec/bottle/image/broken_large/015.png,There is a defect in the object. What is the type of the defect?,A,A
DS-MVTec/bottle/image/broken_large/015.png,There is a defect in the object. Where is the defect?,D,D
DS-MVTec/bottle/image/broken_large/015.png,There is a defect in the object. What is the appearance of the defect?,A,A
DS-MVTec/bottle/image/broken_large/015.png,There is a defect in the object. How does the defect affect the bottle's appearance?,A,A
DS-MVTec/bottle/image/broken_large/016.png,Is there any defect in the object?,A,A
DS-MVTec/bottle/image/broken_large/016.png,There is a defect in the object. What is the type of the defect?,D,D
DS-MVTec/bottle/image/broken_large/016.png,There is a defect in the object. Where is the defect?,B,B
DS-MVTec/bottle/image/broken_large/016.png,There is a defect in the object. What is the appearance of the defect?,B,B
DS-MVTec/bottle/image/broken_large/017.png,Is there any defect in the object?,B,B
DS-MVTec/bottle/image/broken_large/017.png,There is a defect in the object. What is the type of the defect?,D,D
DS-MVTec/bottle/image/broken_large/017.png,There is a defect in the object. What is the appearance of the defect?,C,C
DS-MVTec/bottle/image/broken_large/018.png,Is there any defect in the object?,B,B
DS-MVTec/bottle/image/broken_large/018.png,There is a defect in the object. What is the type of the defect?,C,C
DS-MVTec/bottle/image/broken_large/018.png,There is a defect in the object. What is the appearance of the defect?,C,C
DS-MVTec/bottle/image/broken_large/018.png,There is a defect in the object. What is the effect of the defect?,A,A
DS-MVTec/bottle/image/broken_large/019.png,Is there any defect in the object?,A,A
DS-MVTec/bottle/image/broken_large/019.png,There is a defect in the object. What is the type of the defect?,D,D
DS-MVTec/bottle/image/broken_large/019.png,There is a defect in the object. Where is the defect?,C,A
DS-MVTec/bottle/image/broken_large/019.png,There is a defect in the object. What is the appearance of the defect?,B,B
DS-MVTec/bottle/image/broken_large/019.png,There is a defect in the object. How does the defect affect the bottle?,C,C
DS-MVTec/bottle/image/broken_small/000.png,Is there any defect in the object?,A,B
DS-MVTec/bottle/image/broken_small/000.png,There is a defect in the object. What is the type of the defect?,C,C
DS-MVTec/bottle/image/broken_small/000.png,There is a defect in the object. Where is the defect?,D,D
DS-MVTec/bottle/image/broken_small/000.png,There is a defect in the object. What is the appearance of the defect?,D,A
DS-MVTec/bottle/image/broken_small/000.png,There is a defect in the object. What is the effect of the defect on the bottle?,C,C
DS-MVTec/bottle/image/broken_small/001.png,Is there any defect in the object?,A,A
DS-MVTec/bottle/image/broken_small/001.png,There is a defect in the object. What is the type of the defect?,B,B
DS-MVTec/bottle/image/broken_small/001.png,There is a defect in the object. Where is the defect?,C,B
DS-MVTec/bottle/image/broken_small/001.png,There is a defect in the object. What is the appearance of the defect?,B,A
DS-MVTec/bottle/image/broken_small/001.png,There is a defect in the object. How does the defect affect the appearance of the bottle?,C,C
DS-MVTec/bottle/image/broken_small/002.png,Is there any defect in the object?,A,A
DS-MVTec/bottle/image/broken_small/002.png,There is a defect in the object. What is the type of the defect?,D,D
DS-MVTec/bottle/image/broken_small/002.png,There is a defect in the object. What is the appearance of the defect?,B,B
DS-MVTec/bottle/image/broken_small/002.png,There is a defect in the object. What is the potential effect of the defect?,D,D
DS-MVTec/bottle/image/broken_small/003.png,Is there any defect in the object?,B,B
DS-MVTec/bottle/image/broken_small/003.png,There is a defect in the object. What is the type of the defect?,B,A
DS-MVTec/bottle/image/broken_small/003.png,There is a defect in the object. What is the appearance of the defect?,C,C
DS-MVTec/bottle/image/broken_small/003.png,There is a defect in the object. How does the defect affect the bottle's appearance?,D,D
DS-MVTec/bottle/image/broken_small/004.png,Is there any defect in the object?,A,A
DS-MVTec/bottle/image/broken_small/004.png,There is a defect in the object. What is the type of the defect?,A,A
DS-MVTec/bottle/image/broken_small/004.png,There is a defect in the object. What is the appearance of the defect?,B,B
DS-MVTec/bottle/image/broken_small/004.png,There is a defect in the object. What effect does the defect have?,B,A
DS-MVTec/bottle/image/broken_small/005.png,Is there any defect in the object?,B,B
DS-MVTec/bottle/image/broken_small/005.png,There is a defect in the object. Where is the defect?,B,B
DS-MVTec/bottle/image/broken_small/005.png,There is a defect in the object. What is the appearance of the defect?,C,C
DS-MVTec/bottle/image/broken_small/005.png,There is a defect in the object. What effect does the defect have on the bottle's opening?,A,A
DS-MVTec/bottle/image/broken_small/006.png,Is there any defect in the object?,A,A
DS-MVTec/bottle/image/broken_small/006.png,There is a defect in the object. What is the type of the defect?,B,B
DS-MVTec/bottle/image/broken_small/006.png,There is a defect in the object. Where is the defect?,A,A
DS-MVTec/bottle/image/broken_small/006.png,There is a defect in the object. What is the appearance of the defect?,C,C
DS-MVTec/bottle/image/broken_small/006.png,There is a defect in the object. How does the defect affect the appearance of the object?,D,D
DS-MVTec/bottle/image/broken_small/007.png,Is there any defect in the object?,B,B
DS-MVTec/bottle/image/broken_small/007.png,There is a defect in the object. What is the type of the defect?,C,C
DS-MVTec/bottle/image/broken_small/007.png,There is a defect in the object. Where is the defect?,D,D
DS-MVTec/bottle/image/broken_small/007.png,There is a defect in the object. How does the defect affect the object's appearance?,C,C
DS-MVTec/bottle/image/broken_small/008.png,Is there any defect in the object?,B,B
DS-MVTec/bottle/image/broken_small/008.png,There is a defect in the object. What is the type of the defect?,D,D
DS-MVTec/bottle/image/broken_small/008.png,There is a defect in the object. Where is the defect?,A,A
DS-MVTec/bottle/image/broken_small/008.png,There is a defect in the object. What is the appearance of the defect?,D,A
DS-MVTec/bottle/image/broken_small/008.png,There is a defect in the object. How does the defect area compare to the rest of the rim?,B,B
DS-MVTec/bottle/image/broken_small/009.png,Is there any defect in the object?,B,B
DS-MVTec/bottle/image/broken_small/009.png,There is a defect in the object. What is the type of the defect?,D,D
DS-MVTec/bottle/image/broken_small/009.png,There is a defect in the object. Where is the defect?,C,C
DS-MVTec/bottle/image/broken_small/009.png,There is a defect in the object. What is the appearance of the defect?,D,D
DS-MVTec/bottle/image/broken_small/009.png,There is a defect in the object. How does the defect affect the object?,B,B
DS-MVTec/bottle/image/broken_small/010.png,Is there any defect in the object?,A,A
DS-MVTec/bottle/image/broken_small/010.png,There is a defect in the object. Where is the defect?,D,C
DS-MVTec/bottle/image/broken_small/010.png,There is a defect in the object. What is the appearance of the defect?,C,C
DS-MVTec/bottle/image/broken_small/010.png,There is a defect in the object. How does the defect affect the object's appearance?,C,C
DS-MVTec/bottle/image/broken_small/011.png,Is there any defect in the object?,A,A
DS-MVTec/bottle/image/broken_small/011.png,There is a defect in the object. Where is the defect?,D,C
DS-MVTec/bottle/image/broken_small/011.png,There is a defect in the object. What is the effect of the defect on the bottle's appearance?,D,D
DS-MVTec/bottle/image/broken_small/012.png,Is there any defect in the object?,A,A
DS-MVTec/bottle/image/broken_small/012.png,There is a defect in the object. Where is the defect?,B,B
DS-MVTec/bottle/image/broken_small/012.png,There is a defect in the object. What is the effect of the defect on the bottle?,C,C
DS-MVTec/bottle/image/broken_small/013.png,Is there any defect in the object?,B,B
DS-MVTec/bottle/image/broken_small/013.png,There is a defect in the object. What is the type of the defect?,B,B
DS-MVTec/bottle/image/broken_small/013.png,There is a defect in the object. Where is the defect?,D,D
DS-MVTec/bottle/image/broken_small/013.png,There is a defect in the object. What is the appearance of the defect?,A,A
DS-MVTec/bottle/image/broken_small/014.png,Is there any defect in the object?,A,A
DS-MVTec/bottle/image/broken_small/014.png,There is a defect in the object. What is the type of the defect?,B,A
DS-MVTec/bottle/image/broken_small/014.png,There is a defect in the object. Where is the defect?,C,C
DS-MVTec/bottle/image/broken_small/014.png,There is a defect in the object. How does the defect contrast with the surrounding area?,D,D
DS-MVTec/bottle/image/broken_small/015.png,Is there any defect in the object?,B,B
DS-MVTec/bottle/image/broken_small/015.png,There is a defect in the object. Where is the defect?,D,B
DS-MVTec/bottle/image/broken_small/015.png,There is a defect in the object. What is the appearance of the defect?,D,D
DS-MVTec/bottle/image/broken_small/015.png,There is a defect in the object. How does the defect affect the object?,C,C
DS-MVTec/bottle/image/broken_small/016.png,Is there any defect in the object?,B,B
DS-MVTec/bottle/image/broken_small/016.png,There is a defect in the object. Where is the defect?,B,B
DS-MVTec/bottle/image/broken_small/016.png,There is a defect in the object. What is the appearance of the defect?,C,C
DS-MVTec/bottle/image/broken_small/016.png,There is a defect in the object. What could be the effect of the defect?,D,D
DS-MVTec/bottle/image/broken_small/017.png,Is there any defect in the object?,A,A
DS-MVTec/bottle/image/broken_small/017.png,There is a defect in the object. What is the type of the defect?,A,A
DS-MVTec/bottle/image/broken_small/017.png,There is a defect in the object. Where is the defect?,C,C
DS-MVTec/bottle/image/broken_small/017.png,There is a defect in the object. What is the appearance of the defect?,C,C
DS-MVTec/bottle/image/broken_small/017.png,There is a defect in the object. What is the effect of the defect on the bottle's appearance?,A,A
DS-MVTec/bottle/image/broken_small/018.png,Is there any defect in the object?,B,B
DS-MVTec/bottle/image/broken_small/018.png,There is a defect in the object. Where is the defect?,C,B
DS-MVTec/bottle/image/broken_small/018.png,There is a defect in the object. What is the appearance of the defect?,D,D
DS-MVTec/bottle/image/broken_small/018.png,There is a defect in the object. What effect does the defect have on the object?,B,B
DS-MVTec/bottle/image/broken_small/019.png,Is there any defect in the object?,A,A
DS-MVTec/bottle/image/broken_small/019.png,There is a defect in the object. What is the type of the defect?,C,A
DS-MVTec/bottle/image/broken_small/019.png,There is a defect in the object. Where is the defect?,D,C
DS-MVTec/bottle/image/broken_small/019.png,There is a defect in the object. What is the appearance of the defect?,D,D
DS-MVTec/bottle/image/broken_small/019.png,There is a defect in the object. What does the defect suggest about the bottle's rim?,B,B
DS-MVTec/bottle/image/broken_small/020.png,Is there any defect in the object?,B,B
DS-MVTec/bottle/image/broken_small/020.png,There is a defect in the object. Where is the defect?,C,B
DS-MVTec/bottle/image/broken_small/020.png,There is a defect in the object. What is the appearance of the defect?,A,A
DS-MVTec/bottle/image/broken_small/020.png,There is a defect in the object. How does the defect contrast with the rest of the bottle's inner surface?,D,D
DS-MVTec/bottle/image/broken_small/021.png,Is there any defect in the object?,A,A
DS-MVTec/bottle/image/broken_small/021.png,There is a defect in the object. What is the type of the defect?,B,B
DS-MVTec/bottle/image/broken_small/021.png,There is a defect in the object. Where is the defect?,B,D
DS-MVTec/bottle/image/broken_small/021.png,There is a defect in the object. What is the appearance of the defect?,A,A
DS-MVTec/bottle/image/contamination/000.png,Is there any defect in the object?,A,A
DS-MVTec/bottle/image/contamination/000.png,There is a defect in the object. What is the type of the defect?,C,D
DS-MVTec/bottle/image/contamination/000.png,There is a defect in the object. Where is the defect?,B,B
DS-MVTec/bottle/image/contamination/000.png,There is a defect in the object. What is the appearance of the defect?,C,C
DS-MVTec/bottle/image/contamination/001.png,Is there any defect in the object?,B,B
DS-MVTec/bottle/image/contamination/001.png,There is a defect in the object. What is the type of the defect?,C,B
DS-MVTec/bottle/image/contamination/001.png,There is a defect in the object. Where is the defect?,C,C
DS-MVTec/bottle/image/contamination/001.png,There is a defect in the object. What is the appearance of the defect?,C,C
DS-MVTec/bottle/image/contamination/001.png,There is a defect in the object. What does the defect indicate?,B,A
DS-MVTec/bottle/image/contamination/002.png,Is there any defect in the object?,A,A
DS-MVTec/bottle/image/contamination/002.png,There is a defect in the object. What is the type of the defect?,B,A
DS-MVTec/bottle/image/contamination/002.png,There is a defect in the object. Where is the defect?,B,B
DS-MVTec/bottle/image/contamination/002.png,There is a defect in the object. What could be the effect of this defect?,C,C
DS-MVTec/bottle/image/contamination/003.png,Is there any defect in the object?,A,A
DS-MVTec/bottle/image/contamination/003.png,There is a defect in the object. Where is the defect?,D,C
DS-MVTec/bottle/image/contamination/003.png,There is a defect in the object. What is the appearance of the defect?,B,B
DS-MVTec/bottle/image/contamination/004.png,Is there any defect in the object?,B,A
DS-MVTec/bottle/image/contamination/004.png,There is a defect in the object. Where is the defect?,C,B
DS-MVTec/bottle/image/contamination/004.png,There is a defect in the object. What is the appearance of the defect?,D,D
DS-MVTec/bottle/image/contamination/004.png,There is a defect in the object. What is the effect of the defect?,D,D
DS-MVTec/bottle/image/contamination/005.png,Is there any defect in the object?,B,B
DS-MVTec/bottle/image/contamination/005.png,There is a defect in the object. What is the type of the defect?,B,A
DS-MVTec/bottle/image/contamination/005.png,There is a defect in the object. What is the appearance of the defect?,C,C
DS-MVTec/bottle/image/contamination/005.png,There is a defect in the object. What is the effect of the defect?,D,D
DS-MVTec/bottle/image/contamination/006.png,Is there any defect in the object?,A,A
DS-MVTec/bottle/image/contamination/006.png,There is a defect in the object. What is the type of the defect?,C,C
DS-MVTec/bottle/image/contamination/006.png,There is a defect in the object. Where is the defect?,B,B
DS-MVTec/bottle/image/contamination/006.png,There is a defect in the object. What is the appearance of the defect?,B,B
DS-MVTec/bottle/image/contamination/006.png,There is a defect in the object. What is the effect of the defect?,C,D
DS-MVTec/bottle/image/contamination/007.png,Is there any defect in the object?,A,A
DS-MVTec/bottle/image/contamination/007.png,There is a defect in the object. What is the type of the defect?,A,C
DS-MVTec/bottle/image/contamination/007.png,There is a defect in the object. Where is the defect?,D,C
DS-MVTec/bottle/image/contamination/007.png,There is a defect in the object. What is the effect of the defect on the product?,B,B
DS-MVTec/bottle/image/contamination/008.png,Is there any defect in the object?,A,B
DS-MVTec/bottle/image/contamination/008.png,There is a defect in the object. What is the type of the defect?,D,D
DS-MVTec/bottle/image/contamination/008.png,There is a defect in the object. Where is the defect?,B,B
DS-MVTec/bottle/image/contamination/008.png,There is a defect in the object. What is the appearance of the defect?,B,B
DS-MVTec/bottle/image/contamination/008.png,There is a defect in the object. What could be the effect of the defect?,B,B
DS-MVTec/bottle/image/contamination/009.png,Is there any defect in the object?,A,B
DS-MVTec/bottle/image/contamination/009.png,There is a defect in the object. What is the type of the defect?,D,B
DS-MVTec/bottle/image/contamination/009.png,There is a defect in the object. Where is the defect?,D,D
DS-MVTec/bottle/image/contamination/009.png,There is a defect in the object. What is the appearance of the defect?,B,B
DS-MVTec/bottle/image/contamination/009.png,There is a defect in the object. What effect does the defect have on the object?,C,C
DS-MVTec/bottle/image/contamination/010.png,Is there any defect in the object?,A,A
DS-MVTec/bottle/image/contamination/010.png,There is a defect in the object. What is the type of the defect?,D,B
DS-MVTec/bottle/image/contamination/010.png,There is a defect in the object. Where is the defect?,C,C
DS-MVTec/bottle/image/contamination/010.png,There is a defect in the object. What is the appearance of the defect?,C,C
DS-MVTec/bottle/image/contamination/010.png,There is a defect in the object. What is the potential effect of the defect on the bottle?,C,C
DS-MVTec/bottle/image/contamination/011.png,Is there any defect in the object?,A,A
DS-MVTec/bottle/image/contamination/011.png,There is a defect in the object. What is the type of the defect?,D,A
DS-MVTec/bottle/image/contamination/011.png,There is a defect in the object. Where is the defect?,B,B
DS-MVTec/bottle/image/contamination/011.png,There is a defect in the object. What is the appearance of the defect?,C,C
DS-MVTec/bottle/image/contamination/011.png,There is a defect in the object. What may be the effect of the defect?,D,A
DS-MVTec/bottle/image/contamination/012.png,Is there any defect in the object?,A,B
DS-MVTec/bottle/image/contamination/012.png,There is a defect in the object. What is the type of the defect?,A,B
DS-MVTec/bottle/image/contamination/012.png,There is a defect in the object. Where is the defect?,D,D
DS-MVTec/bottle/image/contamination/012.png,There is a defect in the object. What is the appearance of the defect?,C,A
DS-MVTec/bottle/image/contamination/012.png,There is a defect in the object. What is the effect of the defect?,A,A
DS-MVTec/bottle/image/contamination/013.png,Is there any defect in the object?,A,B
DS-MVTec/bottle/image/contamination/013.png,There is a defect in the object. What is the type of the defect?,B,D
DS-MVTec/bottle/image/contamination/013.png,There is a defect in the object. Where is the defect?,D,A
DS-MVTec/bottle/image/contamination/013.png,There is a defect in the object. What is the appearance of the defect?,C,C
DS-MVTec/bottle/image/contamination/014.png,Is there any defect in the object?,A,A
DS-MVTec/bottle/image/contamination/014.png,There is a defect in the object. What is the type of the defect?,C,B
DS-MVTec/bottle/image/contamination/014.png,There is a defect in the object. Where is the defect?,C,C
DS-MVTec/bottle/image/contamination/014.png,There is a defect in the object. What is the appearance of the defect?,B,B
DS-MVTec/bottle/image/contamination/015.png,Is there any defect in the object?,B,B
DS-MVTec/bottle/image/contamination/015.png,There is a defect in the object. What is the type of the defect?,B,C
DS-MVTec/bottle/image/contamination/015.png,There is a defect in the object. Where is the defect?,D,D
DS-MVTec/bottle/image/contamination/015.png,There is a defect in the object. What is the appearance of the defect?,C,C
DS-MVTec/bottle/image/contamination/015.png,There is a defect in the object. What is the likely effect of the defect?,B,B
DS-MVTec/bottle/image/contamination/016.png,Is there any defect in the object?,B,A
DS-MVTec/bottle/image/contamination/016.png,There is a defect in the object. Where is the defect?,C,C
DS-MVTec/bottle/image/contamination/016.png,There is a defect in the object. What is the appearance of the defect?,B,B
DS-MVTec/bottle/image/contamination/016.png,There is a defect in the object. What is the possible effect of the defect?,B,B
DS-MVTec/bottle/image/contamination/017.png,Is there any defect in the object?,B,B
DS-MVTec/bottle/image/contamination/017.png,There is a defect in the object. What is the type of the defect?,B,C
DS-MVTec/bottle/image/contamination/017.png,There is a defect in the object. Where is the defect?,D,D
DS-MVTec/bottle/image/contamination/017.png,There is a defect in the object. What is the effect of the defect?,B,B
DS-MVTec/bottle/image/contamination/018.png,Is there any defect in the object?,A,A
DS-MVTec/bottle/image/contamination/018.png,There is a defect in the object. What is the type of the defect?,D,A
DS-MVTec/bottle/image/contamination/018.png,There is a defect in the object. Where is the defect?,A,A
DS-MVTec/bottle/image/contamination/018.png,There is a defect in the object. What is the appearance of the defect?,C,B
DS-MVTec/bottle/image/contamination/018.png,There is a defect in the object. What could be the effect of the defect?,D,D
DS-MVTec/bottle/image/contamination/019.png,Is there any defect in the object?,A,A
DS-MVTec/bottle/image/contamination/019.png,There is a defect in the object. Where is the defect?,D,C
DS-MVTec/bottle/image/contamination/019.png,There is a defect in the object. What does the defect suggest about its nature?,B,B
DS-MVTec/bottle/image/contamination/020.png,Is there any defect in the object?,A,B
DS-MVTec/bottle/image/contamination/020.png,There is a defect in the object. What is the type of the defect?,D,D
DS-MVTec/bottle/image/contamination/020.png,There is a defect in the object. Where is the defect?,D,D
DS-MVTec/bottle/image/contamination/020.png,There is a defect in the object. What is the appearance of the defect?,B,A
DS-MVTec/bottle/image/contamination/020.png,There is a defect in the object. What does the defect suggest?,D,D
DS-MVTec/bottle/image/good/000.png,Is there any defect in the object?,A,A
DS-MVTec/bottle/image/good/001.png,Is there any defect in the object?,B,A
DS-MVTec/bottle/image/good/002.png,Is there any defect in the object?,A,A
DS-MVTec/bottle/image/good/003.png,Is there any defect in the object?,A,A
DS-MVTec/bottle/image/good/004.png,Is there any defect in the object?,B,B
DS-MVTec/bottle/image/good/005.png,Is there any defect in the object?,A,A
DS-MVTec/bottle/image/good/006.png,Is there any defect in the object?,A,B
DS-MVTec/bottle/image/good/007.png,Is there any defect in the object?,A,A
DS-MVTec/bottle/image/good/008.png,Is there any defect in the object?,B,B
DS-MVTec/bottle/image/good/009.png,Is there any defect in the object?,B,B
DS-MVTec/bottle/image/good/010.png,Is there any defect in the object?,A,A
DS-MVTec/bottle/image/good/011.png,Is there any defect in the object?,A,A
DS-MVTec/bottle/image/good/012.png,Is there any defect in the object?,A,A
DS-MVTec/bottle/image/good/013.png,Is there any defect in the object?,B,B
DS-MVTec/bottle/image/good/014.png,Is there any defect in the object?,A,A
DS-MVTec/bottle/image/good/015.png,Is there any defect in the object?,B,B
DS-MVTec/bottle/image/good/016.png,Is there any defect in the object?,A,A
DS-MVTec/bottle/image/good/017.png,Is there any defect in the object?,A,B
DS-MVTec/bottle/image/good/018.png,Is there any defect in the object?,B,B
DS-MVTec/bottle/image/good/019.png,Is there any defect in the object?,A,A
DS-MVTec/cable/image/bent_wire/000.png,Is there any defect in the object?,A,B
DS-MVTec/cable/image/bent_wire/000.png,There is a defect in the object. What is the type of the defect?,A,A
DS-MVTec/cable/image/bent_wire/000.png,There is a defect in the object. Where is the defect?,C,D
DS-MVTec/cable/image/bent_wire/000.png,There is a defect in the object. What is the appearance of the defect?,B,B
DS-MVTec/cable/image/bent_wire/000.png,There is a defect in the object. What could be the effect of the defect?,D,D
DS-MVTec/cable/image/bent_wire/001.png,Is there any defect in the object?,A,B
DS-MVTec/cable/image/bent_wire/001.png,There is a defect in the object. What is the type of the defect?,C,C
DS-MVTec/cable/image/bent_wire/001.png,There is a defect in the object. What is the appearance of the defect?,C,C
DS-MVTec/cable/image/bent_wire/001.png,There is a defect in the object. What is the effect of the defect on the object?,D,D
DS-MVTec/cable/image/bent_wire/002.png,Is there any defect in the object?,A,B
DS-MVTec/cable/image/bent_wire/002.png,There is a defect in the object. What is the type of the defect?,C,C
DS-MVTec/cable/image/bent_wire/002.png,There is a defect in the object. Where is the defect?,D,B
DS-MVTec/cable/image/bent_wire/002.png,There is a defect in the object. What is the appearance of the defect?,B,B
DS-MVTec/cable/image/bent_wire/002.png,There is a defect in the object. What potential effect could the defect have?,C,C
DS-MVTec/cable/image/bent_wire/003.png,Is there any defect in the object?,A,B
DS-MVTec/cable/image/bent_wire/003.png,There is a defect in the object. What is the type of the defect?,C,C
DS-MVTec/cable/image/bent_wire/003.png,There is a defect in the object. What is the appearance of the defect?,D,A
DS-MVTec/cable/image/bent_wire/003.png,There is a defect in the object. What additional information is provided about another defect in the cable?,C,C
DS-MVTec/cable/image/bent_wire/004.png,Is there any defect in the object?,B,A
DS-MVTec/cable/image/bent_wire/004.png,There is a defect in the object. Where is the defect located?,D,C
DS-MVTec/cable/image/bent_wire/004.png,There is a defect in the object. What is the appearance of the defect?,B,B
DS-MVTec/cable/image/bent_wire/004.png,There is a defect in the object. What is the potential effect of the defect?,D,D
DS-MVTec/cable/image/bent_wire/005.png,Is there any defect in the object?,A,B
DS-MVTec/cable/image/bent_wire/005.png,There is a defect in the object. What is the type of the defect?,D,A
DS-MVTec/cable/image/bent_wire/005.png,There is a defect in the object. Where is the defect?,B,B
DS-MVTec/cable/image/bent_wire/005.png,There is a defect in the object. What is the appearance of the defect?,B,B
DS-MVTec/cable/image/bent_wire/005.png,There is a defect in the object. What is the effect of the defect?,C,C
DS-MVTec/cable/image/bent_wire/006.png,Is there any defect in the object?,A,B
DS-MVTec/cable/image/bent_wire/006.png,There is a defect in the object. What is the type of the defect?,C,D
DS-MVTec/cable/image/bent_wire/006.png,There is a defect in the object. What is the appearance of the defect?,C,C
DS-MVTec/cable/image/bent_wire/006.png,There is a defect in the object. What is the effect of the defect?,A,A
DS-MVTec/cable/image/bent_wire/007.png,Is there any defect in the object?,A,B
DS-MVTec/cable/image/bent_wire/007.png,There are some defects in the object. How many types of defects are present in the cable?,B,A
DS-MVTec/cable/image/bent_wire/007.png,There are some defects in the object. Where are the defects located within the cable?,B,B
DS-MVTec/cable/image/bent_wire/007.png,There are some defects in the object. What is the appearance of the defects?,C,C
DS-MVTec/cable/image/bent_wire/008.png,Is there any defect in the object?,B,A
DS-MVTec/cable/image/bent_wire/008.png,There is a defect in the object. What is the type of the defect?,D,D
DS-MVTec/cable/image/bent_wire/008.png,There is a defect in the object. Where is the defect?,C,B
DS-MVTec/cable/image/bent_wire/008.png,There is a defect in the object. What is the appearance of the defect?,D,D
DS-MVTec/cable/image/bent_wire/008.png,There is a defect in the object. How does the defect affect the cable?,D,D
DS-MVTec/cable/image/bent_wire/009.png,Is there any defect in the object?,A,B
DS-MVTec/cable/image/bent_wire/009.png,There is a defect in the object. What is the type of the defect?,C,D
DS-MVTec/cable/image/bent_wire/009.png,There is a defect in the object. Where is the defect?,A,A
DS-MVTec/cable/image/bent_wire/009.png,There is a defect in the object. What is the appearance of the defect?,D,D
DS-MVTec/cable/image/bent_wire/009.png,There is a defect in the object. Within which section of insulation is the defect present?,B,A
DS-MVTec/cable/image/bent_wire/010.png,Is there any defect in the object?,B,A
DS-MVTec/cable/image/bent_wire/010.png,There is a defect in the object. Where is the primary defect located?,A,A
DS-MVTec/cable/image/bent_wire/010.png,There is a defect in the object. What is the appearance of the primary defect?,A,B
DS-MVTec/cable/image/bent_wire/010.png,There is a defect in the object. What is the effect of the secondary defect on the cable's functionality?,C,C
DS-MVTec/cable/image/bent_wire/011.png,Is there any defect in the object?,A,B
DS-MVTec/cable/image/bent_wire/011.png,There are some defects in the object. How many types of defects are present in the cable?,C,B
DS-MVTec/cable/image/bent_wire/011.png,There are some defects in the object. What is the appearance of the defects?,C,C
DS-MVTec/cable/image/bent_wire/011.png,There are some defects in the object. What is the likely effect of these defects on the cable's performance?,C,C
DS-MVTec/cable/image/bent_wire/012.png,Is there any defect in the object?,B,A
DS-MVTec/cable/image/bent_wire/012.png,There is a defect in the object. What is the type of the defect?,B,B
DS-MVTec/cable/image/bent_wire/012.png,There is a defect in the object. Where is the defect?,B,B
DS-MVTec/cable/image/bent_wire/012.png,There is a defect in the object. What is the appearance of the defect?,D,D
DS-MVTec/cable/image/bent_wire/012.png,There is a defect in the object. What is the effect of the defect?,D,D
DS-MVTec/cable/image/cable_swap/000.png,Is there any defect in the object?,A,B
DS-MVTec/cable/image/cable_swap/000.png,There is a defect in the object. What is the type of the defect?,B,D
DS-MVTec/cable/image/cable_swap/000.png,There is a defect in the object. Where is the defect?,D,B
DS-MVTec/cable/image/cable_swap/000.png,There is a defect in the object. What is the appearance of the defect?,D,D
DS-MVTec/cable/image/cable_swap/000.png,There is a defect in the object. What is the effect of the defect?,A,A
DS-MVTec/cable/image/cable_swap/001.png,Is there any defect in the object?,B,A
DS-MVTec/cable/image/cable_swap/001.png,There is a defect in the object. Where is the defect?,B,B
DS-MVTec/cable/image/cable_swap/001.png,There is a defect in the object. What is the appearance of the defect?,B,A
DS-MVTec/cable/image/cable_swap/001.png,There is a defect in the object. Is there an additional defect?,D,A
DS-MVTec/cable/image/cable_swap/002.png,Is there any defect in the object?,A,A
DS-MVTec/cable/image/cable_swap/002.png,There is a defect in the object. What is the type of the defect?,C,D
DS-MVTec/cable/image/cable_swap/002.png,There is a defect in the object. What is the appearance of the defect?,C,B
DS-MVTec/cable/image/cable_swap/002.png,There is a defect in the object. What is a potential effect of the defect?,C,C
DS-MVTec/cable/image/cable_swap/003.png,Is there any defect in the object?,A,B
DS-MVTec/cable/image/cable_swap/003.png,There is a defect in the object. What is the type of the defect?,D,A
DS-MVTec/cable/image/cable_swap/003.png,There is a defect in the object. Where is the defect?,B,B
DS-MVTec/cable/image/cable_swap/003.png,There is a defect in the object. What is the appearance of the defect?,B,B
DS-MVTec/cable/image/cable_swap/003.png,There is a defect in the object. What is the effect of the defect?,D,B
DS-MVTec/cable/image/cable_swap/004.png,Is there any defect in the object?,B,A
DS-MVTec/cable/image/cable_swap/004.png,There is a defect in the object. Where is the defect?,C,B
DS-MVTec/cable/image/cable_swap/004.png,There is a defect in the object. What is the appearance of the defect?,C,B
DS-MVTec/cable/image/cable_swap/004.png,There is a defect in the object. What is the effect of the defect?,C,C
DS-MVTec/cable/image/cable_swap/005.png,Is there any defect in the object?,A,B
DS-MVTec/cable/image/cable_swap/005.png,There is a defect in the object. What is the type of the defect?,D,C
DS-MVTec/cable/image/cable_swap/005.png,There is a defect in the object. What is the appearance of the defect?,D,C
DS-MVTec/cable/image/cable_swap/005.png,There is a defect in the object. What additional detail is observed about the defect?,D,D
DS-MVTec/cable/image/cable_swap/006.png,Is there any defect in the object?,A,B
DS-MVTec/cable/image/cable_swap/006.png,There is a defect in the object. What is the type of the defect?,D,C
DS-MVTec/cable/image/cable_swap/006.png,There is a defect in the object. Where is the defect?,A,A
DS-MVTec/cable/image/cable_swap/006.png,There is a defect in the object. What is the appearance of the defect?,D,D
DS-MVTec/cable/image/cable_swap/006.png,There is a defect in the object. What is the effect of the defect?,A,A
DS-MVTec/cable/image/cable_swap/007.png,Is there any defect in the object?,B,A
DS-MVTec/cable/image/cable_swap/007.png,There is a defect in the object. What is the type of the defect?,D,B
DS-MVTec/cable/image/cable_swap/007.png,There is a defect in the object. What is the appearance of the defect?,B,B
DS-MVTec/cable/image/cable_swap/008.png,Is there any defect in the object?,B,A
DS-MVTec/cable/image/cable_swap/008.png,There is a defect in the object. What is the type of defect?,D,A
DS-MVTec/cable/image/cable_swap/008.png,There is a defect in the object. Where is the defect?,A,A
DS-MVTec/cable/image/cable_swap/008.png,There is a defect in the object. What is the appearance of the defect?,D,D
DS-MVTec/cable/image/cable_swap/008.png,There is a defect in the object. What additional information is provided about the defect?,B,B
DS-MVTec/cable/image/cable_swap/009.png,Is there any defect in the object?,A,B
DS-MVTec/cable/image/cable_swap/009.png,There is a defect in the object. What is the type of the defect?,C,D
DS-MVTec/cable/image/cable_swap/009.png,There is a defect in the object. Where is the defect?,C,C
DS-MVTec/cable/image/cable_swap/009.png,There is a defect in the object. What is the appearance of the defect?,C,C
DS-MVTec/cable/image/cable_swap/009.png,There is a defect in the object. What is the potential effect of the defect?,C,C
DS-MVTec/cable/image/cable_swap/010.png,Is there any defect in the object?,A,B
DS-MVTec/cable/image/cable_swap/010.png,There is a defect in the object. What is the type of the defect?,B,B
DS-MVTec/cable/image/cable_swap/010.png,There is a defect in the object. Where is the defect?,C,C
DS-MVTec/cable/image/cable_swap/010.png,There is a defect in the object. What is the appearance of the defect?,C,D
DS-MVTec/cable/image/cable_swap/010.png,There is a defect in the object. What could be the effect of the defect?,A,A
DS-MVTec/cable/image/cable_swap/011.png,Is there any defect in the object?,A,B
DS-MVTec/cable/image/cable_swap/011.png,There is a defect in the object. What is the type of the defect?,C,B
DS-MVTec/cable/image/cable_swap/011.png,There is a defect in the object. Where is the defect?,D,A
DS-MVTec/cable/image/cable_swap/011.png,"There is a defect in the object. What is the additional effect of the ""missing wire"" defect?",A,A
DS-MVTec/cable/image/combined/000.png,Is there any defect in the object?,A,B
DS-MVTec/cable/image/combined/000.png,There are some defects in the object. Where are these defects located in the picture?,A,A
DS-MVTec/cable/image/combined/000.png,There are some defects in the object. What is the appearance of the defects?,B,B
DS-MVTec/cable/image/combined/000.png,There are some defects in the object. What could be the potential effect of these defects?,D,D
DS-MVTec/cable/image/combined/001.png,Is there any defect in the object?,A,B
DS-MVTec/cable/image/combined/001.png,There are some defects in the object. What are the types of the defects?,D,D
DS-MVTec/cable/image/combined/001.png,There are some defects in the object. Where are these defects located in the picture?,B,B
DS-MVTec/cable/image/combined/001.png,There are some defects in the object. What is the appearance of the defects?,C,C
DS-MVTec/cable/image/combined/001.png,There are some defects in the object. What could be the effect of these defects?,A,A
DS-MVTec/cable/image/combined/002.png,Is there any defect in the object?,B,A
DS-MVTec/cable/image/combined/002.png,There are some defects in the object. What are the types of the defects?,D,A
DS-MVTec/cable/image/combined/002.png,There are some defects in the object. Where are these defects in the picture?,A,A
DS-MVTec/cable/image/combined/002.png,There are some defects in the object. What is the appearance of the defects?,C,C
DS-MVTec/cable/image/combined/002.png,There are some defects in the object. What could be the potential effect of these defects?,B,B
DS-MVTec/cable/image/combined/003.png,Is there any defect in the object?,B,A
DS-MVTec/cable/image/combined/003.png,There are some defects in the object. What are the types of the defects?,C,C
DS-MVTec/cable/image/combined/003.png,There are some defects in the object. Where are these defects located in the picture?,A,A
DS-MVTec/cable/image/combined/003.png,There are some defects in the object. What is the appearance of the defect in the grounding conductor?,A,A
DS-MVTec/cable/image/combined/003.png,There are some defects in the object. What could be the potential effect of these defects?,B,B
DS-MVTec/cable/image/combined/004.png,Is there any defect in the object?,A,A
DS-MVTec/cable/image/combined/004.png,There is a defect in the object. What is the type of the defect?,D,A
DS-MVTec/cable/image/combined/004.png,There is a defect in the object. What is the appearance of the defect?,D,D
DS-MVTec/cable/image/combined/004.png,There are some defects in the object. What are the potential effects of these defects?,A,A
DS-MVTec/cable/image/combined/005.png,Is there any defect in the object?,A,B
DS-MVTec/cable/image/combined/005.png,There are some defects in the object. What type of defects are present?,A,D
DS-MVTec/cable/image/combined/005.png,There are some defects in the object. What is the appearance of the defects?,A,A
DS-MVTec/cable/image/combined/005.png,There are some defects in the object. What are the potential effects of these defects?,C,C
DS-MVTec/cable/image/combined/006.png,Is there any defect in the object?,B,A
DS-MVTec/cable/image/combined/006.png,There are some defects in the object. What types of defects are present?,C,D
DS-MVTec/cable/image/combined/006.png,There are some defects in the object. Where are these defects located in the picture?,B,B
DS-MVTec/cable/image/combined/006.png,There are some defects in the object. What is the appearance of the defects?,A,A
DS-MVTec/cable/image/combined/006.png,There are some defects in the object. What are the potential effects of these defects?,A,A
DS-MVTec/cable/image/combined/007.png,Is there any defect in the object?,A,B
DS-MVTec/cable/image/combined/007.png,There is a defect in the object. What is the type of the defect?,C,C
DS-MVTec/cable/image/combined/007.png,There are some defects in the object. What is the appearance of the defects?,A,A
DS-MVTec/cable/image/combined/007.png,There are some defects in the object. What could be the effect of these defects?,C,C
DS-MVTec/cable/image/combined/008.png,Is there any defect in the object?,B,A
DS-MVTec/cable/image/combined/008.png,There are some defects in the object. What are the types of the defects?,B,D
DS-MVTec/cable/image/combined/008.png,There are some defects in the object. Where are these defects in the picture?,C,C
DS-MVTec/cable/image/combined/008.png,There are some defects in the object. What is the appearance of the defects?,C,C
DS-MVTec/cable/image/combined/008.png,There are some defects in the object. What are the potential effects of these defects?,A,A
DS-MVTec/cable/image/combined/009.png,Is there any defect in the object?,A,A
DS-MVTec/cable/image/combined/009.png,There is a defect in the object. What is the type of the defect?,C,D
DS-MVTec/cable/image/combined/009.png,There is a defect in the object. What is the appearance of the defect?,A,B
